pressure,bTemp,humidity,hTemp,aveTemp,lightLvl,milliseconds
98314.88,29.04,17,25,27.02,1023,897
98314.88,29.04,17,25,27.02,1023,970
98314.88,29.04,17,25,27.02,1023,1043
98319.13,28.98,17,25,26.99,1023,1117
98319.13,28.98,17,25,26.99,1023,1189
98319.13,28.98,17,25,26.99,1023,1263
98319.13,28.98,17,25,26.99,1023,1336
98319.13,28.98,17,25,26.99,1023,1410
98319.13,28.98,17,25,26.99,1023,1487
98319.13,28.98,17,25,26.99,1023,1561
98319.13,28.98,17,25,26.99,1023,1635
98319.13,28.98,17,25,26.99,1023,1708
98319.13,28.98,17,25,26.99,1023,1780
98319.13,28.98,17,25,26.99,1023,1854
98319.13,28.98,17,25,26.99,1023,1927
98319.13,28.98,17,25,26.99,1023,2000
98315.99,28.98,17,25,26.99,1023,2073
98315.99,28.98,17,25,26.99,1023,2147
98315.99,28.98,17,25,26.99,1023,2225
98315.99,28.98,17,25,26.99,1023,2298
98315.99,28.98,17,25,26.99,1023,2372
98315.99,28.98,17,25,26.99,1023,2445
98315.99,28.98,17,25,26.99,1023,2518
98315.99,28.98,17,25,26.99,1023,2591
98315.99,28.98,16,25,26.99,1023,2935
98316.41,28.98,16,25,26.99,1023,3009
98316.41,28.98,16,25,26.99,1023,3082
98316.41,28.98,16,25,26.99,1023,3154
98316.41,28.98,16,25,26.99,1023,3232
98316.41,28.98,16,25,26.99,1023,3306
98316.41,28.98,16,25,26.99,1023,3380
98316.41,28.98,16,25,26.99,1023,3452
98316.41,28.98,16,25,26.99,1023,3526
98316.41,28.98,16,25,26.99,1023,3599
98316.41,28.98,16,25,26.99,1023,3672
98316.41,28.98,16,25,26.99,1023,3744
98316.41,28.98,16,25,26.99,1023,3818
98316.41,28.98,16,25,26.99,1023,3891
98313.87,28.98,16,25,26.99,1023,3969
98313.87,28.98,16,25,26.99,1023,4042
98313.87,28.98,16,25,26.99,1023,4115
98313.87,28.98,16,25,26.99,1023,4189
98313.87,28.98,16,25,26.99,1023,4261
98313.87,28.98,16,25,26.99,1023,4334
98313.87,28.98,16,25,26.99,1023,4408
98313.87,28.98,16,25,26.99,1023,4481
98313.87,28.98,16,25,26.99,1023,4553
98313.87,28.98,16,25,26.99,1023,4627
98313.87,28.98,16,25,26.99,1023,4976
98315.63,28.98,16,25,26.99,1023,5050
98315.63,28.98,16,25,26.99,1023,5124
98315.63,28.98,16,25,26.99,1023,5196
98315.63,28.98,16,25,26.99,1023,5270
98315.63,28.98,16,25,26.99,1023,5343
98315.63,28.98,16,25,26.99,1023,5416
98315.63,28.98,16,25,26.99,1023,5489
98315.63,28.98,16,25,26.99,1023,5563
98315.63,28.98,16,25,26.99,1023,5636
98315.63,28.98,16,25,26.99,1023,5708
98317.19,28.99,16,25,26.99,1023,5787
98317.19,28.99,16,25,26.99,1023,5861
98317.19,28.99,16,25,26.99,1023,5934
98317.19,28.99,16,25,26.99,1023,6006
98317.19,28.99,16,25,26.99,1023,6079
98317.19,28.99,16,25,26.99,1023,6153
98317.19,28.99,16,25,26.99,1023,6225
98317.19,28.99,16,25,26.99,1023,6298
98317.19,28.99,16,25,26.99,1023,6371
98317.19,28.99,16,25,26.99,1023,6445
98317.19,28.99,16,25,26.99,1023,6523
98317.19,28.99,16,25,26.99,1023,6596
98317.19,28.99,16,25,26.99,1023,6669
98321.27,28.99,16,25,26.99,1023,7013
98321.27,28.99,16,25,26.99,1023,7086
98321.27,28.99,16,25,26.99,1023,7158
98321.27,28.99,16,25,26.99,1023,7232
98321.27,28.99,16,25,26.99,1023,7305
98321.27,28.99,16,25,26.99,1023,7377
98321.27,28.99,16,25,26.99,1023,7450
98321.27,28.99,16,25,26.99,1023,7529
98321.27,28.99,16,25,26.99,1023,7602
98317.19,28.99,16,25,26.99,1023,7675
98317.19,28.99,16,25,26.99,1023,7748
98317.19,28.99,16,25,26.99,1023,7821
98317.19,28.99,16,25,26.99,1023,7895
98317.19,28.99,16,25,26.99,1023,7967
98317.19,28.99,16,25,26.99,1023,8040
98317.19,28.99,16,25,26.99,1023,8113
98317.19,28.99,16,25,26.99,1023,8186
98317.19,28.99,16,25,26.99,1023,8283
98317.19,28.99,16,25,26.99,1023,8356
98317.19,28.99,16,25,26.99,1023,8430
98317.19,28.99,16,25,26.99,1023,8503
98317.19,28.99,16,25,26.99,1023,8577
98313.52,28.99,16,25,26.99,1023,8649
98313.52,28.99,16,25,26.99,1023,8722
98313.52,28.99,16,25,26.99,1023,9066
98313.52,28.99,16,25,26.99,1023,9140
98313.52,28.99,16,25,26.99,1023,9212
98313.52,28.99,16,25,26.99,1023,9290
98313.52,28.99,16,25,26.99,1023,9364
98313.52,28.99,16,25,26.99,1023,9438
98313.52,28.99,16,25,26.99,1023,9510
98315.05,28.98,16,25,26.99,1023,9583
98315.05,28.98,16,25,26.99,1023,9656
98315.05,28.98,16,25,26.99,1023,9730
98315.05,28.98,16,25,26.99,1023,9802
98315.05,28.98,16,25,26.99,1023,9875
98315.05,28.98,16,25,26.99,1023,9948
98315.05,28.98,16,25,26.99,1023,10025
98315.05,28.98,16,25,26.99,1023,10099
98315.05,28.98,16,25,26.99,1023,10173
98315.05,28.98,16,25,26.99,1023,10246
98315.05,28.98,16,25,26.99,1023,10318
98315.05,28.98,16,25,26.99,1023,10391
98315.05,28.98,16,25,26.99,1023,10465
98314.08,28.99,16,25,26.99,1023,10537
98314.08,28.99,16,25,26.99,1023,10610
98314.08,28.99,16,25,26.99,1023,10684
98314.08,28.99,16,25,26.99,1023,10772
98314.08,28.99,16,25,26.99,1023,11117
98314.08,28.99,16,25,26.99,1023,11191
98314.08,28.99,16,25,26.99,1023,11264
98314.08,28.99,16,25,26.99,1023,11337
98314.08,28.99,16,25,26.99,1023,11410
98312.91,28.98,16,25,26.99,1023,11483
98312.91,28.98,16,25,26.99,1023,11556
98312.91,28.98,16,25,26.99,1023,11629
98312.91,28.98,16,25,26.99,1023,11707
98312.91,28.98,16,25,26.99,1023,11781
98312.91,28.98,16,25,26.99,1023,11853
98312.91,28.98,16,25,26.99,1023,11927
98312.91,28.98,16,25,26.99,1023,12000
98312.91,28.98,16,25,26.99,1023,12073
98312.91,28.98,16,25,26.99,1023,12146
98312.91,28.98,16,25,26.99,1023,12220
98312.91,28.98,16,25,26.99,1023,12293
98312.91,28.98,16,25,26.99,1023,12365
98314.08,28.99,16,25,26.99,1023,12443
98314.08,28.99,16,25,26.99,1023,12517
98314.08,28.99,16,25,26.99,1023,12591
98314.08,28.99,16,25,26.99,1023,12663
98314.08,28.99,16,25,26.99,1023,12736
98314.08,28.99,16,25,26.99,1023,12810
98314.08,28.99,16,25,26.99,1023,13154
98314.08,28.99,16,25,26.99,1023,13228
98314.08,28.99,16,25,26.99,1023,13300
98313.27,28.98,16,25,26.99,1023,13373
98313.27,28.98,16,25,26.99,1023,13451
98313.27,28.98,16,25,26.99,1023,13524
98313.27,28.98,16,25,26.99,1023,13598
98313.27,28.98,16,25,26.99,1023,13671
98313.27,28.98,16,25,26.99,1023,13744
98313.27,28.98,16,25,26.99,1023,13816
98313.27,28.98,16,25,26.99,1023,13890
98313.27,28.98,16,25,26.99,1023,13963
98313.27,28.98,16,25,26.99,1023,14035
98313.27,28.98,16,25,26.99,1023,14108
98313.27,28.98,16,25,26.99,1023,14196
98316.8,28.99,16,25,26.99,1023,14274
98316.8,28.99,16,25,26.99,1023,14350
98316.8,28.99,16,25,26.99,1023,14425
98316.8,28.99,16,25,26.99,1023,14500
98316.8,28.99,16,25,26.99,1023,14576
98316.8,28.99,16,25,26.99,1023,14651
98316.8,28.99,16,25,26.99,1023,14727
98316.8,28.99,16,25,26.99,1023,14802
98316.8,28.99,16,25,26.99,1023,14877
98316.8,28.99,16,25,26.99,1023,15228
98315.63,28.98,16,25,26.99,1023,15304
98315.63,28.98,16,25,26.99,1023,15380
98315.63,28.98,16,25,26.99,1023,15456
98315.63,28.98,16,25,26.99,1023,15532
98315.63,28.98,16,25,26.99,1023,15607
98315.63,28.98,16,25,26.99,1023,15682
98315.63,28.98,16,25,26.99,1023,15758
98315.63,28.98,16,25,26.99,1023,15834
98315.63,28.98,16,25,26.99,1023,15909
98315.63,28.98,16,25,26.99,1023,15989
98315.63,28.98,16,25,26.99,1023,16065
98315.63,28.98,16,25,26.99,1023,16141
98314.83,28.97,16,25,26.98,1023,16217
98314.83,28.97,16,25,26.98,1023,16291
98314.83,28.97,16,25,26.98,1023,16367
98314.83,28.97,16,25,26.98,1023,16442
98314.83,28.97,16,25,26.98,1023,16518
98314.83,28.97,16,25,26.98,1023,16593
98314.83,28.97,16,25,26.98,1023,16668
98314.83,28.97,16,25,26.98,1023,16749
98314.83,28.97,16,25,26.98,1023,16825
98314.83,28.97,16,25,26.98,1023,16900
98314.83,28.97,16,25,26.98,1023,17246
98311.73,28.97,16,25,26.98,1023,17321
98311.73,28.97,16,25,26.98,1023,17397
98311.73,28.97,16,25,26.98,1023,17472
98311.73,28.97,16,25,26.98,1023,17548
98311.73,28.97,16,25,26.98,1023,17623
98311.73,28.97,16,25,26.98,1023,17702
98311.73,28.97,16,25,26.98,1023,17779
98311.73,28.97,16,25,26.98,1023,17854
98311.73,28.97,16,25,26.98,1023,17930
98311.73,28.97,16,25,26.98,1023,18024
98317.55,28.97,16,25,26.98,1023,18100
98317.55,28.97,16,25,26.98,1023,18174
98317.55,28.97,16,25,26.98,1023,18250
98317.55,28.97,16,25,26.98,1023,18325
98317.55,28.97,16,25,26.98,1023,18401
98317.55,28.97,16,25,26.98,1023,18481
98317.55,28.97,16,25,26.98,1023,18557
98317.55,28.97,16,25,26.98,1023,18632
98317.55,28.97,16,25,26.98,1023,18708
98317.55,28.97,16,25,26.98,1023,18784
98317.55,28.97,16,25,26.98,1023,18860
98317.55,28.97,16,25,26.98,1023,18934
98314.44,28.97,16,25,26.98,1023,19281
98314.44,28.97,16,25,26.98,1023,19356
98314.44,28.97,16,25,26.98,1023,19432
98314.44,28.97,16,25,26.98,1023,19512
98314.44,28.97,16,25,26.98,1023,19589
98314.44,28.97,16,25,26.98,1023,19663
98314.44,28.97,16,25,26.98,1023,19739
98314.44,28.97,16,25,26.98,1023,19814
98314.44,28.97,16,25,26.98,1023,19890
98317.55,28.97,16,25,26.98,1023,19964
98317.55,28.97,16,25,26.98,1023,20040
98317.55,28.97,16,25,26.98,1023,20116
98317.55,28.97,16,25,26.98,1023,20191
98317.55,28.97,16,25,26.98,1023,20271
98317.55,28.97,16,25,26.98,1023,20347
98317.55,28.97,16,25,26.98,1023,20422
98317.55,28.97,16,25,26.98,1023,20498
98317.55,28.97,16,25,26.98,1023,20573
98317.55,28.97,16,25,26.98,1023,20648
98317.55,28.97,16,25,26.98,1023,20723
98317.55,28.97,16,25,26.98,1023,20799
98312.52,28.98,16,25,26.99,1023,20875
98312.52,28.98,16,25,26.99,1023,20950
98312.52,28.98,16,25,26.99,1023,21311
98312.52,28.98,16,25,26.99,1023,21387
98312.52,28.98,16,25,26.99,1023,21463
98312.52,28.98,16,25,26.99,1023,21538
98312.52,28.98,16,25,26.99,1023,21613
98312.52,28.98,16,25,26.99,1023,21689
98312.52,28.98,16,25,26.99,1023,21765
98318.7,28.98,16,25,26.99,1023,21839
98318.7,28.98,16,25,26.99,1023,21915
98318.7,28.98,16,25,26.99,1023,21990
98318.7,28.98,16,25,26.99,1023,22071
98318.7,28.98,16,25,26.99,1023,22147
98318.7,28.98,16,25,26.99,1023,22222
98318.7,28.98,16,25,26.99,1023,22298
98318.7,28.98,16,25,26.99,1023,22373
98318.7,28.98,16,25,26.99,1023,22449
98318.7,28.98,16,25,26.99,1023,22524
98318.7,28.98,16,25,26.99,1023,22599
98318.7,28.98,16,25,26.99,1023,22675
98315.99,28.98,16,25,26.99,1023,22755
98315.99,28.98,16,25,26.99,1023,22832
98315.99,28.98,16,25,26.99,1023,22906
98315.99,28.98,16,25,26.99,1023,22982
98315.99,28.98,19,24,26.49,1023,23329
98315.99,28.98,19,24,26.49,1023,23404
98315.99,28.98,19,24,26.49,1023,23480
98315.99,28.98,19,24,26.49,1023,23555
98315.99,28.98,19,24,26.49,1023,23630
98317.34,28.98,19,24,26.49,1023,23705
98317.34,28.98,19,24,26.49,1023,23785
98317.34,28.98,19,24,26.49,1023,23862
98317.34,28.98,19,24,26.49,1023,23938
98317.34,28.98,19,24,26.49,1023,24012
98317.34,28.98,19,24,26.49,1023,24088
98317.34,28.98,19,24,26.49,1023,24163
98317.34,28.98,19,24,26.49,1023,24239
98317.34,28.98,19,24,26.49,1023,24313
98317.34,28.98,19,24,26.49,1023,24389
98317.34,28.98,19,24,26.49,1023,24464
98317.34,28.98,19,24,26.49,1023,24544
98312.34,28.98,19,24,26.49,1023,24620
98312.34,28.98,19,24,26.49,1023,24695
98312.34,28.98,19,24,26.49,1023,24771
98312.34,28.98,19,24,26.49,1023,24846
98312.34,28.98,19,24,26.49,1023,24922
98312.34,28.98,19,24,26.49,1023,24996
98312.34,28.98,16,25,26.99,1023,25342
98312.34,28.98,16,25,26.99,1023,25418
98312.34,28.98,16,25,26.99,1023,25493
98318.33,28.98,16,25,26.99,1023,25573
98318.33,28.98,16,25,26.99,1023,25650
98318.33,28.98,16,25,26.99,1023,25725
98318.33,28.98,16,25,26.99,1023,25800
98318.33,28.98,16,25,26.99,1023,25876
98318.33,28.98,16,25,26.99,1023,25952
98318.33,28.98,16,25,26.99,1023,26027
98318.33,28.98,16,25,26.99,1023,26102
98318.33,28.98,16,25,26.99,1023,26178
98318.33,28.98,16,25,26.99,1023,26253
98318.33,28.98,16,25,26.99,1023,26334
98318.33,28.98,16,25,26.99,1023,26409
98318.33,28.98,16,25,26.99,1023,26485
98312.34,28.98,16,25,26.99,1023,26560
98312.34,28.98,16,25,26.99,1023,26636
98312.34,28.98,16,25,26.99,1023,26711
98312.34,28.98,16,25,26.99,1023,26785
98312.34,28.98,16,25,26.99,1023,26861
98312.34,28.98,16,25,26.99,1023,26936
98312.34,28.98,16,25,26.99,1023,27012
98312.34,28.98,16,25,26.99,1023,27363
98312.34,28.98,16,25,26.99,1023,27440
98315.83,28.99,16,25,26.99,1023,27514
98315.83,28.99,16,25,26.99,1023,27590
98315.83,28.99,16,25,26.99,1023,27665
98315.83,28.99,16,25,26.99,1023,27741
98315.83,28.99,16,25,26.99,1023,27834
98315.83,28.99,16,25,26.99,1023,27910
98315.83,28.99,16,25,26.99,1023,27984
98315.83,28.99,16,25,26.99,1023,28060
98315.83,28.99,16,25,26.99,1023,28152
98315.83,28.99,16,25,26.99,1023,28228
98315.83,28.99,16,25,26.99,1023,28303
98315.83,28.99,16,25,26.99,1023,28379
98317.59,28.99,16,25,26.99,1023,28454
98317.59,28.99,16,25,26.99,1023,28529
98317.59,28.99,16,25,26.99,1023,28605
98317.59,28.99,16,25,26.99,1023,28680
98317.59,28.99,16,25,26.99,1023,28755
98317.59,28.99,16,25,26.99,1023,28835
98317.59,28.99,16,25,26.99,1023,28912
98317.59,28.99,16,25,26.99,1023,28988
98317.59,28.99,16,25,26.99,1023,29063
98317.59,28.99,16,25,26.99,1023,29410
98314.88,28.99,16,25,26.99,1023,29485
98314.88,28.99,16,25,26.99,1023,29560
98314.88,28.99,16,25,26.99,1023,29636
98314.88,28.99,16,25,26.99,1023,29712
98314.88,28.99,16,25,26.99,1023,29788
98314.88,28.99,16,25,26.99,1023,29868
98314.88,28.99,16,25,26.99,1023,29943
98314.88,28.99,16,25,26.99,1023,30019
98314.88,28.99,16,25,26.99,1023,30095
98314.88,28.99,16,25,26.99,1023,30170
98314.88,28.99,16,25,26.99,1023,30245
98315.63,29,16,25,27,1023,30320
98315.63,29,16,25,27,1023,30396
98315.63,29,16,25,27,1023,30472
98315.63,29,16,25,27,1023,30546
98315.63,29,16,25,27,1023,30626
98315.63,29,16,25,27,1023,30703
98315.63,29,16,25,27,1023,30778
98315.63,29,16,25,27,1023,30854
98315.63,29,16,25,27,1023,30929
98315.63,29,16,25,27,1023,31004
98315.63,29,16,25,27,1023,31080
98315.63,29,16,25,27,1023,31427
98314.67,29,16,25,27,1023,31502
98314.67,29,16,25,27,1023,31578
98314.67,29,16,25,27,1023,31657
98314.67,29,16,25,27,1023,31744
98314.67,29,16,25,27,1023,31819
98314.67,29,16,25,27,1023,31895
98314.67,29,16,25,27,1023,31971
98314.67,29,16,25,27,1023,32046
98314.67,29,16,25,27,1023,32121
98321.64,29.01,16,25,27.01,1023,32197
98321.64,29.01,16,25,27.01,1023,32272
98321.64,29.01,16,25,27.01,1023,32348
98321.64,29.01,16,25,27.01,1023,32428
98321.64,29.01,16,25,27.01,1023,32503
98321.64,29.01,16,25,27.01,1023,32579
98321.64,29.01,16,25,27.01,1023,32655
98321.64,29.01,16,25,27.01,1023,32731
98321.64,29.01,16,25,27.01,1023,32806
98321.64,29.01,16,25,27.01,1023,32881
98321.64,29.01,16,25,27.01,1023,32957
98321.64,29.01,16,25,27.01,1023,33033
98320.28,29.01,16,25,27.01,1023,33107
98320.28,29.01,16,25,27.01,1023,33461
98320.28,29.01,16,25,27.01,1023,33537
98320.28,29.01,16,25,27.01,1023,33611
98320.28,29.01,16,25,27.01,1023,33687
98320.28,29.01,16,25,27.01,1023,33762
98320.28,29.01,16,25,27.01,1023,33838
98320.28,29.01,16,25,27.01,1023,33913
98320.28,29.01,16,25,27.01,1023,33988
98316.42,29,16,25,27,1023,34064
98316.42,29,16,25,27,1023,34144
98316.42,29,16,25,27,1023,34220
98316.42,29,16,25,27,1023,34295
98316.42,29,16,25,27,1023,34371
98316.42,29,16,25,27,1023,34446
98316.42,29,16,25,27,1023,34522
98316.42,29,16,25,27,1023,34596
98316.42,29,16,25,27,1023,34672
98316.42,29,16,25,27,1023,34747
98316.42,29,16,25,27,1023,34823
98316.42,29,16,25,27,1023,34903
98316.42,29.01,16,25,27.01,1023,34978
98315.64,29.01,16,25,27.01,1023,35054
98315.64,29.01,16,25,27.01,1023,35130
98315.64,29.01,16,25,27.01,1023,35476
98315.64,29.01,16,25,27.01,1023,35551
98315.64,29.01,16,25,27.01,1023,35627
98315.64,29.01,16,25,27.01,1023,35701
98315.64,29.01,16,25,27.01,1023,35777
98315.64,29.01,16,25,27.01,1023,35852
98319.53,29,16,25,27,1023,35933
98319.53,29,16,25,27,1023,36008
98319.53,29,16,25,27,1023,36084
98319.53,29,16,25,27,1023,36160
98319.53,29,16,25,27,1023,36235
98319.53,29,16,25,27,1023,36311
98319.53,29,16,25,27,1023,36386
98319.53,29,16,25,27,1023,36461
98319.53,29,16,25,27,1023,36537
98319.53,29,16,25,27,1023,36613
98319.53,29,16,25,27,1023,36692
98319.53,29,16,25,27,1023,36768
98319.53,29,16,25,27,1023,36844
98312.53,29.01,16,25,27.01,1023,36919
98312.53,29.01,16,25,27.01,1023,36995
98312.53,29.01,16,25,27.01,1023,37069
98312.53,29.01,16,25,27.01,1023,37145
98312.53,29.01,16,25,27.01,1023,37492
98312.53,29.01,16,25,27.01,1023,37567
98312.53,29.01,16,25,27.01,1023,37661
98312.53,29.01,16,25,27.01,1023,37741
98318.35,29.01,16,25,27.01,1023,37818
98318.35,29.01,16,25,27.01,1023,37894
98318.35,29.01,16,25,27.01,1023,37968
98318.35,29.01,16,25,27.01,1023,38044
98318.35,29.01,16,25,27.01,1023,38119
98318.35,29.01,16,25,27.01,1023,38195
98318.35,29.01,16,25,27.01,1023,38269
98318.35,29.01,16,25,27.01,1023,38345
98318.35,29.01,16,25,27.01,1023,38420
98318.35,29.01,16,25,27.01,1023,38500
98318.35,29.01,16,25,27.01,1023,38576
98318.35,29.01,16,25,27.01,1023,38651
98318.35,29.01,16,25,27.01,1023,38727
98318.17,29,16,25,27,1023,38802
98318.17,29,16,25,27,1023,38878
98318.17,29,16,25,27,1023,38952
98318.17,29,16,25,27,1023,39028
98318.17,29,16,25,27,1023,39103
98318.17,29,16,25,27,1023,39179
98318.17,29,19,23,26,1023,39530
98318.17,29,19,23,26,1023,39606
98318.17,29,19,23,26,1023,39682
98315.64,29.01,19,23,26.01,1023,39756
98315.64,29.01,19,23,26.01,1023,39832
98315.64,29.01,19,23,26.01,1023,39908
98315.64,29.01,19,23,26.01,1023,39983
98315.64,29.01,19,23,26.01,1023,40058
98315.64,29.01,19,23,26.01,1023,40134
98315.64,29.01,19,23,26.01,1023,40214
98315.64,29.01,19,23,26.01,1023,40290
98315.64,29.01,19,23,26.01,1023,40366
98315.64,29.01,19,23,26.01,1023,40440
98315.64,29.01,19,23,26.01,1023,40516
98315.64,29.01,19,23,26.01,1023,40591
98316.6,29.01,19,23,26.01,1023,40667
98316.6,29.01,19,23,26.01,1023,40741
98316.6,29.01,19,23,26.01,1023,40817
98316.6,29.01,19,23,26.01,1023,40892
98316.6,29.01,19,23,26.01,1023,40972
98316.6,29.01,19,23,26.01,1023,41049
98316.6,29.01,19,23,26.01,1023,41123
98316.6,29.01,19,23,26.01,1023,41199
98316.6,29.01,16,25,27.01,1023,41546
98318.53,29.01,16,25,27.01,1023,41621
98318.53,29.01,16,25,27.01,1023,41697
98318.53,29.01,16,25,27.01,1023,41772
98318.53,29.01,16,25,27.01,1023,41847
98318.53,29.01,16,25,27.01,1023,41922
98318.53,29.01,16,25,27.01,1023,42013
98318.53,29.01,16,25,27.01,1023,42099
98318.53,29.01,16,25,27.01,1023,42175
98318.53,29.01,16,25,27.01,1023,42251
98318.53,29.01,16,25,27.01,1023,42326
98318.53,29.01,16,25,27.01,1023,42401
98318.53,29.01,16,25,27.01,1023,42477
98313.1,29.01,16,25,27.01,1023,42552
98313.1,29.01,16,25,27.01,1023,42628
98313.1,29.01,16,25,27.01,1023,42702
98313.1,29.01,16,25,27.01,1023,42782
98313.1,29.01,16,25,27.01,1023,42859
98313.1,29.01,16,25,27.01,1023,42935
98313.1,29.01,16,25,27.01,1023,43011
98313.1,29.01,16,25,27.01,1023,43086
98313.1,29.01,16,25,27.01,1023,43162
98313.1,29.01,16,25,27.01,1023,43238
98313.1,29.01,16,25,27.01,1023,43585
98313.1,29.01,16,25,27.01,1023,43661
98313.1,29.01,16,25,27.01,1023,43737
98313.1,29.01,16,25,27.01,1023,43816
98313.1,29.01,16,25,27.01,1023,43893
98313.1,29.01,16,25,27.01,1023,43969
98313.1,29.01,16,25,27.01,1023,44044
98313.1,29.01,16,25,27.01,1023,44120
98313.1,29.01,16,25,27.01,1023,44195
98313.1,29.01,16,25,27.01,1023,44271
98313.1,29.01,16,25,27.01,1023,44346
98322.42,29.01,16,25,27.01,1023,44422
98322.42,29.01,16,25,27.01,1023,44497
98322.42,29.01,16,25,27.01,1023,44578
98322.42,29.01,16,25,27.01,1023,44654
98322.42,29.01,16,25,27.01,1023,44730
98322.42,29.01,16,25,27.01,1023,44805
98322.42,29.01,16,25,27.01,1023,44880
98322.42,29.01,16,25,27.01,1023,44956
98322.42,29.01,16,25,27.01,1023,45031
98322.42,29.01,16,25,27.01,1023,45107
98322.42,29.01,16,25,27.01,1023,45182
98322.42,29.01,16,25,27.01,1023,45262
98322.42,29.01,16,25,27.01,1023,45611
98312.53,29.01,16,25,27.01,1023,45686
98312.53,29.01,16,25,27.01,1023,45761
98312.53,29.01,16,25,27.01,1023,45837
98312.53,29.01,16,25,27.01,1023,45913
98312.53,29.01,16,25,27.01,1023,45988
98312.53,29.01,16,25,27.01,1023,46063
98312.53,29.01,16,25,27.01,1023,46139
98312.53,29.01,16,25,27.01,1023,46215
98309.03,29.01,16,25,27.01,1023,46295
98309.03,29.01,16,25,27.01,1023,46370
98309.03,29.01,16,25,27.01,1023,46446
98309.03,29.01,16,25,27.01,1023,46522
98309.03,29.01,16,25,27.01,1023,46598
98309.03,29.01,16,25,27.01,1023,46673
98309.03,29.01,16,25,27.01,1023,46749
98309.03,29.01,16,25,27.01,1023,46825
98309.03,29.01,16,25,27.01,1023,46901
98309.03,29.01,16,25,27.01,1023,46976
98309.03,29.01,16,25,27.01,1023,47056
98309.03,29.01,16,25,27.01,1023,47132
98309.03,29.01,16,25,27.01,1023,47208
98316.79,29.02,16,25,27.01,1023,47302
98316.79,29.02,16,25,27.01,1023,47648
98316.79,29.02,16,25,27.01,1023,47724
98316.79,29.02,16,25,27.01,1023,47800
98316.79,29.02,16,25,27.01,1023,47876
98316.79,29.02,16,25,27.01,1023,47950
98316.79,29.02,16,25,27.01,1023,48026
98316.79,29.02,16,25,27.01,1023,48106
98314.85,29.01,16,25,27.01,1023,48183
98314.85,29.01,16,25,27.01,1023,48259
98314.85,29.01,16,25,27.01,1023,48333
98314.85,29.01,16,25,27.01,1023,48409
98314.85,29.01,16,25,27.01,1023,48485
98314.85,29.01,16,25,27.01,1023,48560
98314.85,29.01,16,25,27.01,1023,48635
98314.85,29.01,16,25,27.01,1023,48711
98314.85,29.01,16,25,27.01,1023,48786
98314.85,29.01,16,25,27.01,1023,48866
98314.85,29.01,16,25,27.01,1023,48943
98314.85,29.01,16,25,27.01,1023,49018
98314.85,29.01,16,25,27.01,1023,49093
98317.39,29.02,16,25,27.01,1023,49169
98317.39,29.02,16,25,27.01,1023,49245
98317.39,29.02,16,25,27.01,1023,49319
98317.39,29.02,16,25,27.01,1023,49667
98317.39,29.02,16,25,27.01,1023,49741
98317.39,29.02,16,25,27.01,1023,49817
98317.39,29.02,16,25,27.01,1023,49897
98317.39,29.02,16,25,27.01,1023,49974
98317.78,29.02,16,25,27.01,1023,50050
98317.78,29.02,16,25,27.01,1023,50125
98317.78,29.02,16,25,27.01,1023,50201
98317.78,29.02,16,25,27.01,1023,50276
98317.78,29.02,16,25,27.01,1023,50352
98317.78,29.02,16,25,27.01,1023,50427
98317.78,29.02,16,25,27.01,1023,50503
98317.78,29.02,16,25,27.01,1023,50579
98317.78,29.02,16,25,27.01,1023,50660
98317.78,29.02,16,25,27.01,1023,50735
98317.78,29.02,16,25,27.01,1023,50810
98317.78,29.02,16,25,27.01,1023,50886
98317.78,29.02,16,25,27.01,1023,50962
98318.54,29.02,16,25,27.01,1023,51037
98318.54,29.02,16,25,27.01,1023,51112
98318.54,29.02,16,25,27.01,1023,51188
98318.54,29.02,16,25,27.01,1023,51263
98318.54,29.02,16,25,27.01,1023,51344
98318.54,29.02,16,25,27.01,1023,51691
98318.54,29.02,16,25,27.01,1023,51766
98318.54,29.02,16,25,27.01,1023,51842
98318.54,29.02,16,25,27.01,1023,51917
98319.9,29.02,16,25,27.01,1023,51992
98319.9,29.02,16,25,27.01,1023,52068
98319.9,29.02,16,25,27.01,1023,52144
98319.9,29.02,16,25,27.01,1023,52218
98319.9,29.02,16,25,27.01,1023,52294
98319.9,29.02,16,25,27.01,1023,52374
98319.9,29.02,16,25,27.01,1023,52451
98319.9,29.02,16,25,27.01,1023,52536
98319.9,29.02,16,25,27.01,1023,52612
98319.9,29.02,16,25,27.01,1023,52687
98319.9,29.02,16,25,27.01,1023,52762
98319.9,29.02,16,25,27.01,1023,52838
98317.18,29.02,16,25,27.01,1023,52914
98317.18,29.02,16,25,27.01,1023,52989
98317.18,29.02,16,25,27.01,1023,53064
98317.18,29.02,16,25,27.01,1023,53145
98317.18,29.02,16,25,27.01,1023,53221
98317.18,29.02,16,25,27.01,1023,53297
98317.18,29.02,16,25,27.01,1023,53372
98317.18,29.02,16,25,27.01,1023,53720
98317.18,29.02,16,25,27.01,1023,53795
98314.08,29.02,16,25,27.01,1023,53871
98314.08,29.02,16,25,27.01,1023,53946
98314.08,29.02,16,25,27.01,1023,54022
98314.08,29.02,16,25,27.01,1023,54097
98314.08,29.02,16,25,27.01,1023,54177
98314.08,29.02,16,25,27.01,1023,54254
98314.08,29.02,16,25,27.01,1023,54330
98314.08,29.02,16,25,27.01,1023,54405
98314.08,29.02,16,25,27.01,1023,54480
98314.08,29.02,16,25,27.01,1023,54556
98314.08,29.02,16,25,27.01,1023,54631
98314.08,29.02,16,25,27.01,1023,54707
98314.29,29.03,16,25,27.01,1023,54781
98314.29,29.03,16,25,27.01,1023,54857
98314.29,29.03,16,25,27.01,1023,54937
98314.29,29.03,16,25,27.01,1023,55014
98314.29,29.03,16,25,27.01,1023,55090
98314.29,29.03,16,25,27.01,1023,55164
98314.29,29.03,16,25,27.01,1023,55240
98314.29,29.03,16,25,27.01,1023,55315
98314.29,29.03,16,25,27.01,1023,55391
98314.29,29.03,16,25,27.01,1023,55737
98318.36,29.03,16,25,27.01,1023,55813
98318.36,29.03,16,25,27.01,1023,55887
98318.36,29.03,16,25,27.01,1023,55980
98318.36,29.03,16,25,27.01,1023,56055
98318.36,29.03,16,25,27.01,1023,56131
98318.36,29.03,16,25,27.01,1023,56206
98318.36,29.03,16,25,27.01,1023,56282
98318.36,29.03,16,25,27.01,1023,56357
98318.36,29.03,16,25,27.01,1023,56432
98318.36,29.03,16,25,27.01,1023,56508
98318.36,29.03,16,25,27.01,1023,56584
98317.77,29.04,16,25,27.02,1023,56664
98317.77,29.04,16,25,27.02,1023,56739
98317.77,29.04,16,25,27.02,1023,56815
98317.77,29.04,16,25,27.02,1023,56891
98317.77,29.04,16,25,27.02,1023,56967
98317.77,29.04,16,25,27.02,1023,57042
98317.77,29.04,16,25,27.02,1023,57137
98317.77,29.04,16,25,27.02,1023,57212
98317.77,29.04,16,25,27.02,1023,57288
98317.77,29.04,16,25,27.02,1023,57363
98317.77,29.04,16,25,27.02,1023,57444
98317.77,29.04,16,25,27.02,1023,57792
98315.05,29.04,16,25,27.02,1023,57867
98315.05,29.04,16,25,27.02,1023,57943
98315.05,29.04,16,25,27.02,1023,58018
98315.05,29.04,16,25,27.02,1023,58093
98315.05,29.04,16,25,27.02,1023,58169
98315.05,29.04,16,25,27.02,1023,58244
98315.05,29.04,16,25,27.02,1023,58319
98315.05,29.04,16,25,27.02,1023,58395
98315.05,29.04,16,25,27.02,1023,58475
98317.77,29.04,16,25,27.02,1023,58551
98317.77,29.04,16,25,27.02,1023,58627
98317.77,29.04,16,25,27.02,1023,58702
98317.77,29.04,16,25,27.02,1023,58777
98317.77,29.04,16,25,27.02,1023,58853
98317.77,29.04,16,25,27.02,1023,58928
98317.77,29.04,16,25,27.02,1023,59003
98317.77,29.04,16,25,27.02,1023,59079
98317.77,29.04,16,25,27.02,1023,59154
98317.77,29.04,16,25,27.02,1023,59234
98317.77,29.04,16,25,27.02,1023,59311
98317.77,29.04,16,25,27.02,1023,59385
98317.77,29.04,16,25,27.02,1023,59461
98315.65,29.03,16,25,27.01,1023,59807
98315.65,29.03,16,25,27.01,1023,59883
98315.65,29.03,16,25,27.01,1023,59958
98315.65,29.03,16,25,27.01,1023,60034
98315.65,29.03,16,25,27.01,1023,60109
98315.65,29.03,16,25,27.01,1023,60184
98315.65,29.03,16,25,27.01,1023,60264
98315.65,29.03,16,25,27.01,1023,60341
98314.49,29.04,16,25,27.02,1023,60417
98314.49,29.04,16,25,27.02,1023,60491
98314.49,29.04,16,25,27.02,1023,60567
98314.49,29.04,16,25,27.02,1023,60643
98314.49,29.04,16,25,27.02,1023,60719
98314.49,29.04,16,25,27.02,1023,60794
98314.49,29.04,16,25,27.02,1023,60869
98314.49,29.04,16,25,27.02,1023,60945
98314.49,29.04,16,25,27.02,1023,61025
98314.49,29.04,16,25,27.02,1023,61102
98314.49,29.04,16,25,27.02,1023,61177
98314.49,29.04,16,25,27.02,1023,61252
98314.49,29.04,16,25,27.02,1023,61328
98319.52,29.04,16,25,27.02,1023,61403
98319.52,29.04,16,25,27.02,1023,61478
98319.52,29.04,16,25,27.02,1023,61826
98319.52,29.04,16,25,27.02,1023,61901
98319.52,29.04,16,25,27.02,1023,61976
98319.52,29.04,16,25,27.02,1023,62057
98319.52,29.04,16,25,27.02,1023,62133
98319.52,29.04,16,25,27.02,1023,62208
98319.52,29.04,16,25,27.02,1023,62283
98319.13,29.04,16,25,27.02,1023,62359
98319.13,29.04,16,25,27.02,1023,62434
98319.13,29.04,16,25,27.02,1023,62510
98319.13,29.04,16,25,27.02,1023,62584
98319.13,29.04,16,25,27.02,1023,62660
98319.13,29.04,16,25,27.02,1023,62740
98319.13,29.04,16,25,27.02,1023,62817
98319.13,29.04,16,25,27.02,1023,62902
98319.13,29.04,16,25,27.02,1023,62978
98319.13,29.04,16,25,27.02,1023,63053
98319.13,29.04,16,25,27.02,1023,63128
98319.13,29.04,16,25,27.02,1023,63204
98316.8,29.04,16,25,27.02,1023,63280
98316.8,29.04,16,25,27.02,1023,63354
98316.8,29.04,16,25,27.02,1023,63430
98316.8,29.04,16,25,27.02,1023,63510
98316.8,29.04,16,25,27.02,1023,63857
98316.8,29.04,16,25,27.02,1023,63933
98316.8,29.04,16,25,27.02,1023,64009
98316.8,29.04,16,25,27.02,1023,64083
98316.8,29.04,16,25,27.02,1023,64159
98318.55,29.04,16,25,27.02,1023,64235
98318.55,29.04,16,25,27.02,1023,64310
98318.55,29.04,16,25,27.02,1023,64386
98318.55,29.04,16,25,27.02,1023,64461
98318.55,29.04,16,25,27.02,1023,64541
98318.55,29.04,16,25,27.02,1023,64618
98318.55,29.04,16,25,27.02,1023,64693
98318.55,29.04,16,25,27.02,1023,64769
98318.55,29.04,16,25,27.02,1023,64843
98318.55,29.04,16,25,27.02,1023,64919
98318.55,29.04,16,25,27.02,1023,64995
98318.55,29.04,16,25,27.02,1023,65070
98314.49,29.04,16,25,27.02,1023,65145
98314.49,29.04,16,25,27.02,1023,65220
98314.49,29.04,16,25,27.02,1023,65300
98314.49,29.04,16,25,27.02,1023,65377
98314.49,29.04,16,25,27.02,1023,65452
98314.49,29.04,16,25,27.02,1023,65527
98314.49,29.04,16,25,27.02,1023,65874
98314.49,29.04,16,25,27.02,1023,65950
98314.49,29.04,16,25,27.02,1023,66025
98319.31,29.05,16,25,27.02,1023,66101
98319.31,29.05,16,25,27.02,1023,66176
98319.31,29.05,16,25,27.02,1023,66251
98319.31,29.05,16,25,27.02,1023,66331
98319.31,29.05,16,25,27.02,1023,66407
98319.31,29.05,16,25,27.02,1023,66483
98319.31,29.05,16,25,27.02,1023,66557
98319.31,29.05,16,25,27.02,1023,66633
98319.31,29.05,16,25,27.02,1023,66709
98319.31,29.05,16,25,27.02,1023,66784
98319.31,29.05,16,25,27.02,1023,66860
98319.31,29.05,16,25,27.02,1023,66954
98318.35,29.05,16,25,27.02,1023,67028
98318.35,29.05,16,25,27.02,1023,67109
98318.35,29.05,16,25,27.02,1023,67185
98318.35,29.05,16,25,27.02,1023,67261
98318.35,29.05,16,25,27.02,1023,67337
98318.35,29.05,16,25,27.02,1023,67411
98318.35,29.05,16,25,27.02,1023,67487
98318.35,29.05,16,25,27.02,1023,67563
98318.35,29.05,16,25,27.02,1023,67910
98313.52,29.04,16,25,27.02,1023,67986
98313.52,29.04,16,25,27.02,1023,68066
98313.52,29.04,16,25,27.02,1023,68142
98313.52,29.04,16,25,27.02,1023,68217
98313.52,29.04,16,25,27.02,1023,68293
98313.52,29.04,16,25,27.02,1023,68368
98313.52,29.04,16,25,27.02,1023,68444
98313.52,29.04,16,25,27.02,1023,68518
98313.52,29.04,16,25,27.02,1023,68594
98313.52,29.04,16,25,27.02,1023,68669
98313.52,29.04,16,25,27.02,1023,68745
98313.52,29.04,16,25,27.02,1023,68825
98318.55,29.04,16,25,27.02,1023,68900
98318.55,29.04,16,25,27.02,1023,68976
98318.55,29.04,16,25,27.02,1023,69051
98318.55,29.04,16,25,27.02,1023,69127
98318.55,29.04,16,25,27.02,1023,69201
98318.55,29.04,16,25,27.02,1023,69277
98318.55,29.04,16,25,27.02,1023,69352
98318.55,29.04,16,25,27.02,1023,69428
98318.55,29.04,16,25,27.02,1023,69502
98318.55,29.04,16,25,27.02,1023,69594
98318.55,29.04,16,25,27.02,1023,69941
98321.66,29.04,16,25,27.02,1023,70017
98321.66,29.04,16,25,27.02,1023,70091
98321.66,29.04,16,25,27.02,1023,70167
98321.66,29.04,16,25,27.02,1023,70242
98321.66,29.04,16,25,27.02,1023,70318
98321.66,29.04,16,25,27.02,1023,70393
98321.66,29.04,16,25,27.02,1023,70468
98321.66,29.04,16,25,27.02,1023,70544
98321.66,29.04,16,25,27.02,1023,70624
98321.66,29.04,16,25,27.02,1023,70700
98315.63,29.05,16,25,27.02,1023,70776
98315.63,29.05,16,25,27.02,1023,70852
98315.63,29.05,16,25,27.02,1023,70927
98315.63,29.05,16,25,27.02,1023,71003
98315.63,29.05,16,25,27.02,1023,71078
98315.63,29.05,16,25,27.02,1023,71154
98315.63,29.05,16,25,27.02,1023,71230
98315.63,29.05,16,25,27.02,1023,71306
98315.63,29.05,16,25,27.02,1023,71386
98315.63,29.05,16,25,27.02,1023,71462
98315.63,29.05,16,25,27.02,1023,71538
98315.63,29.05,16,25,27.02,1023,71614
98315.63,29.05,16,25,27.02,1023,71961
98317.96,29.05,16,25,27.02,1023,72037
98317.96,29.05,16,25,27.02,1023,72112
98317.96,29.05,16,25,27.02,1023,72187
98317.96,29.05,16,25,27.02,1023,72263
98317.96,29.05,16,25,27.02,1023,72339
98317.96,29.05,16,25,27.02,1023,72419
98317.96,29.05,16,25,27.02,1023,72496
98317.96,29.05,16,25,27.02,1023,72570
98317.96,29.05,16,25,27.02,1023,72646
98314.49,29.04,16,25,27.02,1023,72722
98314.49,29.04,16,25,27.02,1023,72798
98314.49,29.04,16,25,27.02,1023,72872
98314.49,29.04,16,25,27.02,1023,72948
98314.49,29.04,16,25,27.02,1023,73024
98314.49,29.04,16,25,27.02,1023,73100
98314.49,29.04,16,25,27.02,1023,73181
98314.49,29.04,16,25,27.02,1023,73256
98314.49,29.04,16,25,27.02,1023,73341
98314.49,29.04,16,25,27.02,1023,73417
98314.49,29.04,16,25,27.02,1023,73493
98314.49,29.04,16,25,27.02,1023,73569
98312.16,29.04,16,25,27.02,1023,73645
98312.16,29.04,16,25,27.02,1023,73992
98312.16,29.04,16,25,27.02,1023,74067
98312.16,29.04,16,25,27.02,1023,74147
98312.16,29.04,16,25,27.02,1023,74224
98312.16,29.04,16,25,27.02,1023,74300
98312.16,29.04,16,25,27.02,1023,74376
98312.16,29.04,16,25,27.02,1023,74451
98312.16,29.04,16,25,27.02,1023,74526
98316.99,29.05,16,25,27.02,1023,74602
98316.99,29.05,16,25,27.02,1023,74678
98316.99,29.05,16,25,27.02,1023,74754
98316.99,29.05,16,25,27.02,1023,74829
98316.99,29.05,16,25,27.02,1023,74909
98316.99,29.05,16,25,27.02,1023,74986
98316.99,29.05,16,25,27.02,1023,75062
98316.99,29.05,16,25,27.02,1023,75138
98316.99,29.05,16,25,27.02,1023,75212
98316.99,29.05,16,25,27.02,1023,75288
98316.99,29.05,16,25,27.02,1023,75364
98316.99,29.05,16,25,27.02,1023,75439
98316.82,29.06,16,25,27.03,1023,75514
98316.82,29.06,16,25,27.03,1023,75590
98316.82,29.06,16,25,27.03,1023,75670
98316.82,29.06,15,25,27.03,1023,76017
98316.82,29.06,15,25,27.03,1023,76093
98316.82,29.06,15,25,27.03,1023,76169
98316.82,29.06,15,25,27.03,1023,76244
98316.82,29.06,15,25,27.03,1023,76319
98316.82,29.06,15,25,27.03,1023,76395
98322.24,29.06,15,25,27.03,1023,76471
98322.24,29.06,15,25,27.03,1023,76546
98322.24,29.06,15,25,27.03,1023,76621
98322.24,29.06,15,25,27.03,1023,76701
98322.24,29.06,15,25,27.03,1023,76778
98322.24,29.06,15,25,27.03,1023,76872
98322.24,29.06,15,25,27.03,1023,76948
98322.24,29.06,15,25,27.03,1023,77024
98322.24,29.06,15,25,27.03,1023,77099
98322.24,29.06,15,25,27.03,1023,77174
98322.24,29.06,15,25,27.03,1023,77250
98322.24,29.06,15,25,27.03,1023,77326
98322.6,29.06,15,25,27.03,1023,77401
98322.6,29.06,15,25,27.03,1023,77480
98322.6,29.06,15,25,27.03,1023,77557
98322.6,29.06,15,25,27.03,1023,77633
98322.6,29.06,15,25,27.03,1023,77709
98322.6,29.06,16,25,27.03,1023,78056
98322.6,29.06,16,25,27.03,1023,78132
98322.6,29.06,16,25,27.03,1023,78208
98322.6,29.06,16,25,27.03,1023,78283
98316.42,29.05,16,25,27.02,1023,78359
98316.42,29.05,16,25,27.02,1023,78435
98316.42,29.05,16,25,27.02,1023,78516
98316.42,29.05,16,25,27.02,1023,78590
98316.42,29.05,16,25,27.02,1023,78666
98316.42,29.05,16,25,27.02,1023,78742
98316.42,29.05,16,25,27.02,1023,78817
98316.42,29.05,16,25,27.02,1023,78893
98316.42,29.05,16,25,27.02,1023,78968
98316.42,29.05,16,25,27.02,1023,79044
98316.42,29.05,16,25,27.02,1023,79119
98316.42,29.05,16,25,27.02,1023,79200
98325.14,29.07,16,25,27.03,1023,79276
98325.14,29.07,16,25,27.03,1023,79351
98325.14,29.07,16,25,27.03,1023,79427
98325.14,29.07,16,25,27.03,1023,79502
98325.14,29.07,16,25,27.03,1023,79578
98325.14,29.07,16,25,27.03,1023,79653
98325.14,29.07,16,25,27.03,1023,79728
98325.14,29.07,16,25,27.03,1023,80074
98325.14,29.07,16,25,27.03,1023,80150
98316.21,29.06,16,25,27.03,1023,80230
98316.21,29.06,16,25,27.03,1023,80307
98316.21,29.06,16,25,27.03,1023,80381
98316.21,29.06,16,25,27.03,1023,80457
98316.21,29.06,16,25,27.03,1023,80533
98316.21,29.06,16,25,27.03,1023,80609
98316.21,29.06,16,25,27.03,1023,80684
98316.21,29.06,16,25,27.03,1023,80759
98316.21,29.06,16,25,27.03,1023,80835
98316.21,29.06,16,25,27.03,1023,80911
98316.21,29.06,16,25,27.03,1023,80991
98316.21,29.06,16,25,27.03,1023,81067
98313.5,29.06,16,25,27.03,1023,81142
98313.5,29.06,16,25,27.03,1023,81218
98313.5,29.06,16,25,27.03,1023,81294
98313.5,29.06,16,25,27.03,1023,81370
98313.5,29.06,16,25,27.03,1023,81445
98313.5,29.06,16,25,27.03,1023,81520
98313.5,29.06,16,25,27.03,1023,81596
98313.5,29.06,16,25,27.03,1023,81672
98313.5,29.06,16,25,27.03,1023,81752
98313.5,29.06,16,25,27.03,1023,82099
98309.42,29.06,16,25,27.03,1023,82174
98309.42,29.06,16,25,27.03,1023,82250
98309.42,29.06,16,25,27.03,1023,82325
98309.42,29.06,16,25,27.03,1023,82401
98309.42,29.06,16,25,27.03,1023,82477
98309.42,29.06,16,25,27.03,1023,82551
98309.42,29.06,16,25,27.03,1023,82627
98309.42,29.06,16,25,27.03,1023,82703
98309.42,29.06,16,25,27.03,1023,82783
98309.42,29.06,16,25,27.03,1023,82859
98309.42,29.06,16,25,27.03,1023,82934
98319.11,29.07,16,25,27.03,1023,83010
98319.11,29.07,16,25,27.03,1023,83086
98319.11,29.07,16,25,27.03,1023,83161
98319.11,29.07,16,25,27.03,1023,83236
98319.11,29.07,16,25,27.03,1023,83311
98319.11,29.07,16,25,27.03,1023,83387
98319.11,29.07,16,25,27.03,1023,83463
98319.11,29.07,16,25,27.03,1023,83553
98319.11,29.07,16,25,27.03,1023,83631
98319.11,29.07,16,25,27.03,1023,83716
98319.11,29.07,16,25,27.03,1023,83791
98319.11,29.07,16,25,27.03,1023,84137
98314.67,29.07,16,25,27.03,1023,84213
98314.67,29.07,16,25,27.03,1023,84289
98314.67,29.07,16,25,27.03,1023,84365
98314.67,29.07,16,25,27.03,1023,84441
98314.67,29.07,16,25,27.03,1023,84515
98314.67,29.07,16,25,27.03,1023,84596
98314.67,29.07,16,25,27.03,1023,84672
98314.67,29.07,16,25,27.03,1023,84748
98314.67,29.07,16,25,27.03,1023,84824
98313.68,29.07,16,25,27.03,1023,84899
98313.68,29.07,16,25,27.03,1023,84974
98313.68,29.07,16,25,27.03,1023,85050
98313.68,29.07,16,25,27.03,1023,85126
98313.68,29.07,16,25,27.03,1023,85201
98313.68,29.07,16,25,27.03,1023,85281
98313.68,29.07,16,25,27.03,1023,85358
98313.68,29.07,16,25,27.03,1023,85433
98313.68,29.07,16,25,27.03,1023,85509
98313.68,29.07,16,25,27.03,1023,85584
98313.68,29.07,16,25,27.03,1023,85659
98313.68,29.07,16,25,27.03,1023,85735
98313.68,29.07,16,25,27.03,1023,85811
98316.79,29.07,16,25,27.03,1023,86158
98316.79,29.07,16,25,27.03,1023,86233
98316.79,29.07,16,25,27.03,1023,86313
98316.79,29.07,16,25,27.03,1023,86389
98316.79,29.07,16,25,27.03,1023,86465
98316.79,29.07,16,25,27.03,1023,86541
98316.79,29.07,16,25,27.03,1023,86616
98316.79,29.07,16,25,27.03,1023,86710
98319.9,29.08,16,25,27.04,1023,86786
98319.9,29.08,16,25,27.04,1023,86860
98319.9,29.08,16,25,27.04,1023,86936
98319.9,29.08,16,25,27.04,1023,87012
98319.9,29.08,16,25,27.04,1023,87092
98319.9,29.08,16,25,27.04,1023,87168
98319.9,29.08,16,25,27.04,1023,87243
98319.9,29.08,16,25,27.04,1023,87319
98319.9,29.08,16,25,27.04,1023,87394
98319.9,29.08,16,25,27.04,1023,87470
98319.9,29.08,16,25,27.04,1023,87544
98319.9,29.08,16,25,27.04,1023,87620
98319.9,29.08,16,25,27.04,1023,87696
98314.86,29.08,16,25,27.04,1023,87771
98314.86,29.08,16,25,27.04,1023,87852
98314.86,29.08,16,25,27.04,1023,88199
98314.86,29.08,16,25,27.04,1023,88273
98314.86,29.08,16,25,27.04,1023,88349
98314.86,29.08,16,25,27.04,1023,88425
98314.86,29.08,16,25,27.04,1023,88501
98314.86,29.08,16,25,27.04,1023,88576
98314.86,29.08,16,25,27.04,1023,88651
98316.22,29.08,16,25,27.04,1023,88727
98316.22,29.08,16,25,27.04,1023,88803
98316.22,29.08,16,25,27.04,1023,88883
98316.22,29.08,16,25,27.04,1023,88960
98316.22,29.08,16,25,27.04,1023,89034
98316.22,29.08,16,25,27.04,1023,89110
98316.22,29.08,16,25,27.04,1023,89186
98316.22,29.08,16,25,27.04,1023,89261
98316.22,29.08,16,25,27.04,1023,89336
98316.22,29.08,16,25,27.04,1023,89411
98316.22,29.08,16,25,27.04,1023,89487
98316.22,29.08,16,25,27.04,1023,89563
98314.86,29.08,16,25,27.04,1023,89644
98314.86,29.08,16,25,27.04,1023,89718
98314.86,29.08,16,25,27.04,1023,89794
98314.86,29.08,16,25,27.04,1023,89870
98314.86,29.08,16,25,27.04,1023,90216
98314.86,29.08,16,25,27.04,1023,90291
98314.86,29.08,16,25,27.04,1023,90366
98314.86,29.08,16,25,27.04,1023,90441
98314.86,29.08,16,25,27.04,1023,90517
98315.25,29.08,16,25,27.04,1023,90597
98315.25,29.08,16,25,27.04,1023,90673
98315.25,29.08,16,25,27.04,1023,90748
98315.25,29.08,16,25,27.04,1023,90824
98315.25,29.08,16,25,27.04,1023,90899
98315.25,29.08,16,25,27.04,1023,90975
98315.25,29.08,16,25,27.04,1023,91051
98315.25,29.08,16,25,27.04,1023,91125
98315.25,29.08,16,25,27.04,1023,91201
98315.25,29.08,16,25,27.04,1023,91276
98315.25,29.08,16,25,27.04,1023,91356
98315.25,29.08,16,25,27.04,1023,91432
98318.36,29.08,16,25,27.04,1023,91508
98318.36,29.08,16,25,27.04,1023,91584
98318.36,29.08,16,25,27.04,1023,91659
98318.36,29.08,16,25,27.04,1023,91735
98318.36,29.08,16,25,27.04,1023,91810
98318.36,29.08,16,25,27.04,1023,91886
98318.36,29.08,16,25,27.04,1023,92233
98318.36,29.08,16,25,27.04,1023,92309
98318.36,29.08,16,25,27.04,1023,92389
98319.12,29.09,16,25,27.04,1023,92465
98319.12,29.09,16,25,27.04,1023,92540
98319.12,29.09,16,25,27.04,1023,92616
98319.12,29.09,16,25,27.04,1023,92691
98319.12,29.09,16,25,27.04,1023,92767
98319.12,29.09,16,25,27.04,1023,92841
98319.12,29.09,16,25,27.04,1023,92917
98319.12,29.09,16,25,27.04,1023,92992
98319.12,29.09,16,25,27.04,1023,93068
98319.12,29.09,16,25,27.04,1023,93148
98319.12,29.09,16,25,27.04,1023,93224
98319.12,29.09,16,25,27.04,1023,93299
98318.16,29.09,16,25,27.04,1023,93375
98318.16,29.09,16,25,27.04,1023,93450
98318.16,29.09,16,25,27.04,1023,93526
98318.16,29.09,16,25,27.04,1023,93601
98318.16,29.09,16,25,27.04,1023,93676
98318.16,29.09,16,25,27.04,1023,93752
98318.16,29.09,16,25,27.04,1023,93827
98318.16,29.09,16,25,27.04,1023,93906
98318.16,29.09,16,25,27.04,1023,94254
98321.27,29.09,16,25,27.04,1023,94329
98321.27,29.09,16,25,27.04,1023,94414
98321.27,29.09,16,25,27.04,1023,94490
98321.27,29.09,16,25,27.04,1023,94566
98321.27,29.09,16,25,27.04,1023,94641
98321.27,29.09,16,25,27.04,1023,94716
98321.27,29.09,16,25,27.04,1023,94792
98321.27,29.09,16,25,27.04,1023,94867
98321.27,29.09,16,25,27.04,1023,94947
98321.27,29.09,16,25,27.04,1023,95024
98321.27,29.09,16,25,27.04,1023,95099
98321.27,29.09,16,25,27.04,1023,95175
98319.12,29.09,16,25,27.04,1023,95250
98319.12,29.09,16,25,27.04,1023,95326
98319.12,29.09,16,25,27.04,1023,95401
98319.12,29.09,16,25,27.04,1023,95476
98319.12,29.09,16,25,27.04,1023,95552
98319.12,29.09,16,25,27.04,1023,95628
98319.12,29.09,16,25,27.04,1023,95709
98319.12,29.09,16,25,27.04,1023,95783
98319.12,29.09,16,25,27.04,1023,95859
98319.12,29.09,16,25,27.04,1023,95935
98319.12,29.09,22,24,26.54,1023,96282
98319.12,29.09,22,24,26.54,1023,96357
98319.12,29.09,22,24,26.54,1023,96433
98319.12,29.09,22,24,26.54,1023,96527
98319.12,29.09,22,24,26.54,1023,96602
98319.12,29.09,22,24,26.54,1023,96681
98319.12,29.09,22,24,26.54,1023,96758
98319.12,29.09,22,24,26.54,1023,96833
98319.12,29.09,22,24,26.54,1023,96909
98319.12,29.09,22,24,26.54,1023,96984
98319.12,29.09,22,24,26.54,1023,97059
98316.6,29.1,22,24,26.55,1023,97134
98316.6,29.1,22,24,26.55,1023,97210
98316.6,29.1,22,24,26.55,1023,97286
98316.6,29.1,22,24,26.55,1023,97360
98316.6,29.1,22,24,26.55,1023,97451
98316.6,29.1,22,24,26.55,1023,97527
98316.6,29.1,22,24,26.55,1023,97603
98316.6,29.1,22,24,26.55,1023,97679
98316.6,29.1,22,24,26.55,1023,97754
98316.6,29.1,22,24,26.55,1023,97829
98316.6,29.1,22,24,26.55,1023,97904
98316.6,29.1,22,24,26.55,1023,97980
98316.6,29.1,16,25,27.05,1023,98326
98317.77,29.09,16,25,27.04,1023,98402
98317.77,29.09,16,25,27.04,1023,98482
98317.77,29.09,16,25,27.04,1023,98558
98317.77,29.09,16,25,27.04,1023,98634
98317.77,29.09,16,25,27.04,1023,98710
98317.77,29.09,16,25,27.04,1023,98786
98317.77,29.09,16,25,27.04,1023,98862
98317.77,29.09,16,25,27.04,1023,98937
98319.12,29.09,16,25,27.04,1023,99013
98319.12,29.09,16,25,27.04,1023,99088
98319.12,29.09,16,25,27.04,1023,99164
98319.12,29.09,16,25,27.04,1023,99245
98319.12,29.09,16,25,27.04,1023,99320
98319.12,29.09,16,25,27.04,1023,99396
98319.12,29.09,16,25,27.04,1023,99472
98319.12,29.09,16,25,27.04,1023,99548
98319.12,29.09,16,25,27.04,1023,99623
98319.12,29.09,16,25,27.04,1023,99699
98319.12,29.09,16,25,27.04,1023,99774
98319.12,29.09,16,25,27.04,1023,99850
98319.12,29.09,16,25,27.04,1023,99926
98317.97,29.08,16,25,27.04,1023,100005
98317.97,29.08,16,25,27.04,1023,100353
98317.97,29.08,16,25,27.04,1023,100428
98317.97,29.08,16,25,27.04,1023,100504
98317.97,29.08,16,25,27.04,1023,100580
98317.97,29.08,16,25,27.04,1023,100656
98317.97,29.08,16,25,27.04,1023,100731
98317.97,29.08,16,25,27.04,1023,100806
98317.97,29.08,16,25,27.04,1023,100882
98322.44,29.08,16,25,27.04,1023,100962
98322.44,29.08,16,25,27.04,1023,101039
98322.44,29.08,16,25,27.04,1023,101114
98322.44,29.08,16,25,27.04,1023,101190
98322.44,29.08,16,25,27.04,1023,101265
98322.44,29.08,16,25,27.04,1023,101341
98322.44,29.08,16,25,27.04,1023,101416
98322.44,29.08,16,25,27.04,1023,101492
98322.44,29.08,16,25,27.04,1023,101568
98322.44,29.08,16,25,27.04,1023,101644
98322.44,29.08,16,25,27.04,1023,101724
98322.44,29.08,16,25,27.04,1023,101799
98315.05,29.09,16,25,27.04,1023,101875
98315.05,29.09,16,25,27.04,1023,101951
98315.05,29.09,16,25,27.04,1023,102027
98315.05,29.09,16,25,27.04,1023,102374
98315.05,29.09,16,25,27.04,1023,102450
98315.05,29.09,16,25,27.04,1023,102525
98315.05,29.09,16,25,27.04,1023,102601
98315.05,29.09,16,25,27.04,1023,102677
98315.05,29.09,16,25,27.04,1023,102757
98318.72,29.09,16,25,27.04,1023,102834
98318.72,29.09,16,25,27.04,1023,102909
98318.72,29.09,16,25,27.04,1023,102984
98318.72,29.09,16,25,27.04,1023,103060
98318.72,29.09,16,25,27.04,1023,103136
98318.72,29.09,16,25,27.04,1023,103212
98318.72,29.09,16,25,27.04,1023,103286
98318.72,29.09,16,25,27.04,1023,103362
98318.72,29.09,16,25,27.04,1023,103443
98318.72,29.09,16,25,27.04,1023,103519
98318.72,29.09,16,25,27.04,1023,103595
98318.72,29.09,16,25,27.04,1023,103670
98323.8,29.08,16,25,27.04,1023,103746
98323.8,29.08,16,25,27.04,1023,103821
98323.8,29.08,16,25,27.04,1023,103897
98323.8,29.08,16,25,27.04,1023,103972
98323.8,29.08,16,25,27.04,1023,104048
98323.8,29.08,16,25,27.04,1023,104395
98323.8,29.08,16,25,27.04,1023,104475
98323.8,29.08,16,25,27.04,1023,104552
98323.8,29.08,16,25,27.04,1023,104628
98322.44,29.08,16,25,27.04,1023,104704
98322.44,29.08,16,25,27.04,1023,104788
98322.44,29.08,16,25,27.04,1023,104864
98322.44,29.08,16,25,27.04,1023,104940
98322.44,29.08,16,25,27.04,1023,105016
98322.44,29.08,16,25,27.04,1023,105092
98322.44,29.08,16,25,27.04,1023,105167
98322.44,29.08,16,25,27.04,1023,105247
98322.44,29.08,16,25,27.04,1023,105324
98322.44,29.08,16,25,27.04,1023,105400
98322.44,29.08,16,25,27.04,1023,105476
98322.44,29.08,16,25,27.04,1023,105551
98316.41,29.09,16,25,27.04,1023,105626
98316.41,29.09,16,25,27.04,1023,105702
98316.41,29.09,16,25,27.04,1023,105778
98316.41,29.09,16,25,27.04,1023,105853
98316.41,29.09,16,25,27.04,1023,105934
98316.41,29.09,16,25,27.04,1023,106010
98316.41,29.09,16,25,27.04,1023,106086
98316.41,29.09,15,25,27.04,1023,106451
98316.41,29.09,15,25,27.04,1023,106527
98315.05,29.09,15,25,27.04,1023,106602
98315.05,29.09,15,25,27.04,1023,106678
98315.05,29.09,15,25,27.04,1023,106754
98315.05,29.09,15,25,27.04,1023,106829
98315.05,29.09,15,25,27.04,1023,106904
98315.05,29.09,15,25,27.04,1023,106985
98315.05,29.09,15,25,27.04,1023,107061
98315.05,29.09,15,25,27.04,1023,107137
98315.05,29.09,15,25,27.04,1023,107212
98315.05,29.09,15,25,27.04,1023,107288
98315.05,29.09,15,25,27.04,1023,107363
98315.05,29.09,15,25,27.04,1023,107439
98322.62,29.09,15,25,27.04,1023,107514
98322.62,29.09,15,25,27.04,1023,107590
98322.62,29.09,15,25,27.04,1023,107665
98322.62,29.09,15,25,27.04,1023,107746
98322.62,29.09,15,25,27.04,1023,107822
98322.62,29.09,15,25,27.04,1023,107897
98322.62,29.09,15,25,27.04,1023,107973
98322.62,29.09,15,25,27.04,1023,108048
98322.62,29.09,15,25,27.04,1023,108124
98322.62,29.09,16,25,27.04,1023,108470
98317.19,29.09,16,25,27.04,1023,108546
98317.19,29.09,16,25,27.04,1023,108621
98317.19,29.09,16,25,27.04,1023,108701
98317.19,29.09,16,25,27.04,1023,108778
98317.19,29.09,16,25,27.04,1023,108854
98317.19,29.09,16,25,27.04,1023,108930
98317.19,29.09,16,25,27.04,1023,109005
98317.19,29.09,16,25,27.04,1023,109081
98317.19,29.09,16,25,27.04,1023,109157
98317.19,29.09,16,25,27.04,1023,109232
98317.19,29.09,16,25,27.04,1023,109307
98318.55,29.09,16,25,27.04,1023,109383
98318.55,29.09,16,25,27.04,1023,109464
98318.55,29.09,16,25,27.04,1023,109540
98318.55,29.09,16,25,27.04,1023,109616
98318.55,29.09,16,25,27.04,1023,109691
98318.55,29.09,16,25,27.04,1023,109767
98318.55,29.09,16,25,27.04,1023,109842
98318.55,29.09,16,25,27.04,1023,109918
98318.55,29.09,16,25,27.04,1023,109993
98318.55,29.09,16,25,27.04,1023,110069
98318.55,29.09,16,25,27.04,1023,110144
98318.55,29.09,16,25,27.04,1023,110495
98318.16,29.09,16,25,27.04,1023,110572
98318.16,29.09,16,25,27.04,1023,110648
98318.16,29.09,16,25,27.04,1023,110723
98318.16,29.09,16,25,27.04,1023,110798
98318.16,29.09,16,25,27.04,1023,110874
98318.16,29.09,16,25,27.04,1023,110949
98318.16,29.09,16,25,27.04,1023,111025
98318.16,29.09,16,25,27.04,1023,111100
98318.16,29.09,16,25,27.04,1023,111191
98317.77,29.09,16,25,27.04,1023,111268
98317.77,29.09,16,25,27.04,1023,111344
98317.77,29.09,16,25,27.04,1023,111419
98317.77,29.09,16,25,27.04,1023,111495
98317.77,29.09,16,25,27.04,1023,111570
98317.77,29.09,16,25,27.04,1023,111646
98317.77,29.09,16,25,27.04,1023,111721
98317.77,29.09,16,25,27.04,1023,111797
98317.77,29.09,16,25,27.04,1023,111873
98317.77,29.09,16,25,27.04,1023,111952
98317.77,29.09,16,25,27.04,1023,112029
98317.77,29.09,16,25,27.04,1023,112105
98317.77,29.09,16,25,27.04,1023,112181
98311.38,29.09,16,25,27.04,1023,112528
98311.38,29.09,16,25,27.04,1023,112604
98311.38,29.09,16,25,27.04,1023,112679
98311.38,29.09,16,25,27.04,1023,112755
98311.38,29.09,16,25,27.04,1023,112831
98311.38,29.09,16,25,27.04,1023,112906
98311.38,29.09,16,25,27.04,1023,112979
98311.38,29.09,16,25,27.04,1023,113055
98311.38,29.09,16,25,27.04,1023,113131
98316.02,29.09,16,25,27.04,1023,113207
98316.02,29.09,16,25,27.04,1023,113282
98316.02,29.09,16,25,27.04,1023,113357
98316.02,29.09,16,25,27.04,1023,113433
98316.02,29.09,16,25,27.04,1023,113509
98316.02,29.09,16,25,27.04,1023,113584
98316.02,29.09,16,25,27.04,1023,113664
98316.02,29.09,16,25,27.04,1023,113740
98316.02,29.09,16,25,27.04,1023,113816
98316.02,29.09,16,25,27.04,1023,113892
98316.02,29.09,16,25,27.04,1023,113967
98316.02,29.09,16,25,27.04,1023,114042
98315.83,29.09,16,25,27.04,1023,114118
98315.83,29.09,16,25,27.04,1023,114193
98315.83,29.09,16,25,27.04,1023,114539
98315.83,29.09,16,25,27.04,1023,114615
98315.83,29.09,16,25,27.04,1023,114695
98315.83,29.09,16,25,27.04,1023,114771
98315.83,29.09,16,25,27.04,1023,114847
98315.83,29.09,16,25,27.04,1023,114922
98315.83,29.09,16,25,27.04,1023,114998
98320.08,29.09,16,25,27.04,1023,115074
98320.08,29.09,16,25,27.04,1023,115149
98320.08,29.09,16,25,27.04,1023,115234
98320.08,29.09,16,25,27.04,1023,115310
98320.08,29.09,16,25,27.04,1023,115386
98320.08,29.09,16,25,27.04,1023,115467
98320.08,29.09,16,25,27.04,1023,115543
98320.08,29.09,16,25,27.04,1023,115618
98320.08,29.09,16,25,27.04,1023,115694
98320.08,29.09,16,25,27.04,1023,115770
98320.08,29.09,16,25,27.04,1023,115846
98320.08,29.09,16,25,27.04,1023,115920
98317.19,29.09,16,25,27.04,1023,115996
98317.19,29.09,16,25,27.04,1023,116090
98317.19,29.09,16,25,27.04,1023,116171
98317.19,29.09,16,25,27.04,1023,116247
98317.19,29.09,16,25,27.04,1023,116595
98317.19,29.09,16,25,27.04,1023,116670
98317.19,29.09,16,25,27.04,1023,116746
98317.19,29.09,16,25,27.04,1023,116822
98317.19,29.09,16,25,27.04,1023,116896
98314.48,29.09,16,25,27.04,1023,116972
98314.48,29.09,16,25,27.04,1023,117048
98314.48,29.09,16,25,27.04,1023,117123
98314.48,29.09,16,25,27.04,1023,117203
98314.48,29.09,16,25,27.04,1023,117279
98314.48,29.09,16,25,27.04,1023,117355
98314.48,29.09,16,25,27.04,1023,117431
98314.48,29.09,16,25,27.04,1023,117506
98314.48,29.09,16,25,27.04,1023,117581
98314.48,29.09,16,25,27.04,1023,117657
98314.48,29.09,16,25,27.04,1023,117732
98314.48,29.09,16,25,27.04,1023,117808
98316.8,29.09,16,25,27.04,1023,117883
98316.8,29.09,16,25,27.04,1023,117964
98316.8,29.09,16,25,27.04,1023,118039
98316.8,29.09,16,25,27.04,1023,118115
98316.8,29.09,16,25,27.04,1023,118191
98316.8,29.09,16,25,27.04,1023,118265
98316.8,29.09,16,25,27.04,1023,118612
98316.8,29.09,16,25,27.04,1023,118687
98316.8,29.09,16,25,27.04,1023,118763
98315.83,29.09,16,25,27.04,1023,118839
98315.83,29.09,16,25,27.04,1023,118919
98315.83,29.09,16,25,27.04,1023,118994
98315.83,29.09,16,25,27.04,1023,119070
98315.83,29.09,16,25,27.04,1023,119146
98315.83,29.09,16,25,27.04,1023,119222
98315.83,29.09,16,25,27.04,1023,119298
98315.83,29.09,16,25,27.04,1023,119373
98315.83,29.09,16,25,27.04,1023,119448
98315.83,29.09,16,25,27.04,1023,119524
98315.83,29.09,16,25,27.04,1023,119600
98315.83,29.09,16,25,27.04,1023,119680
98322.23,29.09,16,25,27.04,1023,119756
98322.23,29.09,16,25,27.04,1023,119832
98322.23,29.09,16,25,27.04,1023,119907
98322.23,29.09,16,25,27.04,1023,119983
98322.23,29.09,16,25,27.04,1023,120058
98322.23,29.09,16,25,27.04,1023,120133
98322.23,29.09,16,25,27.04,1023,120209
98322.23,29.09,16,25,27.04,1023,120284
98322.23,29.09,16,25,27.04,1023,120631
98320.3,29.1,16,25,27.05,1023,120712
98320.3,29.1,16,25,27.05,1023,120786
98320.3,29.1,16,25,27.05,1023,120862
98320.3,29.1,16,25,27.05,1023,120938
98320.3,29.1,16,25,27.05,1023,121013
98320.3,29.1,16,25,27.05,1023,121089
98320.3,29.1,16,25,27.05,1023,121164
98320.3,29.1,16,25,27.05,1023,121239
98320.3,29.1,16,25,27.05,1023,121315
98320.3,29.1,16,25,27.05,1023,121395
98320.3,29.1,16,25,27.05,1023,121470
98320.3,29.1,16,25,27.05,1023,121546
98320.47,29.09,16,25,27.04,1023,121622
98320.47,29.09,16,25,27.04,1023,121697
98320.47,29.09,16,25,27.04,1023,121773
98320.47,29.09,16,25,27.04,1023,121848
98320.47,29.09,16,25,27.04,1023,121923
98320.47,29.09,16,25,27.04,1023,121999
98320.47,29.09,16,25,27.04,1023,122075
98320.47,29.09,16,25,27.04,1023,122155
98320.47,29.09,16,25,27.04,1023,122230
98320.47,29.09,16,25,27.04,1023,122306
98320.47,29.09,16,25,27.04,1023,122652
98318.35,29.1,16,25,27.05,1023,122728
98318.35,29.1,16,25,27.05,1023,122804
98318.35,29.1,16,25,27.05,1023,122880
98318.35,29.1,16,25,27.05,1023,122955
98318.35,29.1,16,25,27.05,1023,123030
98318.35,29.1,16,25,27.05,1023,123106
98318.35,29.1,16,25,27.05,1023,123187
98318.35,29.1,16,25,27.05,1023,123262
98318.35,29.1,16,25,27.05,1023,123338
98318.35,29.1,16,25,27.05,1023,123413
98318.35,29.1,16,25,27.05,1023,123489
98317.95,29.1,16,25,27.05,1023,123564
98317.95,29.1,16,25,27.05,1023,123639
98317.95,29.1,16,25,27.05,1023,123715
98317.95,29.1,16,25,27.05,1023,123790
98317.95,29.1,16,25,27.05,1023,123870
98317.95,29.1,16,25,27.05,1023,123947
98317.95,29.1,16,25,27.05,1023,124021
98317.95,29.1,16,25,27.05,1023,124097
98317.95,29.1,16,25,27.05,1023,124173
98317.95,29.1,16,25,27.05,1023,124248
98317.95,29.1,16,25,27.05,1023,124323
98317.95,29.1,16,25,27.05,1023,124670
98317.95,29.1,16,25,27.05,1023,124745
98317.95,29.1,16,25,27.05,1023,124821
98317.95,29.1,16,25,27.05,1023,124911
98317.95,29.1,16,25,27.05,1023,124988
98317.95,29.1,16,25,27.05,1023,125064
98317.95,29.1,16,25,27.05,1023,125139
98317.95,29.1,16,25,27.05,1023,125215
98317.95,29.1,16,25,27.05,1023,125290
98317.95,29.1,16,25,27.05,1023,125366
98315.24,29.1,16,25,27.05,1023,125442
98315.24,29.1,16,25,27.05,1023,125516
98315.24,29.1,16,25,27.05,1023,125592
98315.24,29.1,16,25,27.05,1023,125683
98315.24,29.1,16,25,27.05,1023,125759
98315.24,29.1,16,25,27.05,1023,125835
98315.24,29.1,16,25,27.05,1023,125930
98315.24,29.1,16,25,27.05,1023,126006
98315.24,29.1,16,25,27.05,1023,126082
98315.24,29.1,16,25,27.05,1023,126157
98315.24,29.1,16,25,27.05,1023,126233
98315.24,29.1,16,25,27.05,1023,126309
98317.58,29.1,16,25,27.05,1023,126390
98317.58,29.1,16,25,27.05,1023,126738
98317.58,29.1,16,25,27.05,1023,126814
98317.58,29.1,16,25,27.05,1023,126889
98317.58,29.1,16,25,27.05,1023,126965
98317.58,29.1,16,25,27.05,1023,127041
98317.58,29.1,16,25,27.05,1023,127116
98317.58,29.1,16,25,27.05,1023,127192
98319.31,29.1,16,25,27.05,1023,127267
98319.31,29.1,16,25,27.05,1023,127343
98319.31,29.1,16,25,27.05,1023,127423
98319.31,29.1,16,25,27.05,1023,127500
98319.31,29.1,16,25,27.05,1023,127576
98319.31,29.1,16,25,27.05,1023,127651
98319.31,29.1,16,25,27.05,1023,127727
98319.31,29.1,16,25,27.05,1023,127803
98319.31,29.1,16,25,27.05,1023,127878
98319.31,29.1,16,25,27.05,1023,127953
98319.31,29.1,16,25,27.05,1023,128029
98319.31,29.1,16,25,27.05,1023,128105
98319.31,29.1,16,25,27.05,1023,128186
98322.02,29.1,16,25,27.05,1023,128262
98322.02,29.1,16,25,27.05,1023,128337
98322.02,29.1,16,25,27.05,1023,128413
98322.02,29.1,16,25,27.05,1023,128760
98322.02,29.1,16,25,27.05,1023,128836
98322.02,29.1,16,25,27.05,1023,128912
98322.02,29.1,16,25,27.05,1023,128987
98322.02,29.1,16,25,27.05,1023,129062
98322.02,29.1,16,25,27.05,1023,129143
98320.3,29.1,16,25,27.05,1023,129219
98320.3,29.1,16,25,27.05,1023,129295
98320.3,29.1,16,25,27.05,1023,129371
98320.3,29.1,16,25,27.05,1023,129446
98320.3,29.1,16,25,27.05,1023,129522
98320.3,29.1,16,25,27.05,1023,129598
98320.3,29.1,16,25,27.05,1023,129674
98320.3,29.1,16,25,27.05,1023,129750
98320.3,29.1,16,25,27.05,1023,129825
98320.3,29.1,16,25,27.05,1023,129906
98320.3,29.1,16,25,27.05,1023,129982
98320.3,29.1,16,25,27.05,1023,130058
98311.38,29.09,16,25,27.04,1023,130134
98311.38,29.09,16,25,27.04,1023,130209
98311.38,29.09,16,25,27.04,1023,130285
98311.38,29.09,16,25,27.04,1023,130361
98311.38,29.09,16,25,27.04,1023,130437
98311.38,29.09,16,25,27.04,1023,130783
98311.38,29.09,16,25,27.04,1023,130859
98311.38,29.09,16,25,27.04,1023,130939
98311.38,29.09,16,25,27.04,1023,131015
98315.25,29.08,16,25,27.04,1023,131091
98315.25,29.08,16,25,27.04,1023,131166
98315.25,29.08,16,25,27.04,1023,131241
98315.25,29.08,16,25,27.04,1023,131317
98315.25,29.08,16,25,27.04,1023,131393
98315.25,29.08,16,25,27.04,1023,131468
98315.25,29.08,16,25,27.04,1023,131544
98315.25,29.08,16,25,27.04,1023,131624
98315.25,29.08,16,25,27.04,1023,131700
98315.25,29.08,16,25,27.04,1023,131776
98315.25,29.08,16,25,27.04,1023,131852
98315.25,29.08,16,25,27.04,1023,131928
98315.65,29.08,16,25,27.04,1023,132003
98315.65,29.08,16,25,27.04,1023,132079
98315.65,29.08,16,25,27.04,1023,132154
98315.65,29.08,16,25,27.04,1023,132230
98315.65,29.08,16,25,27.04,1023,132305
98315.65,29.08,16,25,27.04,1023,132386
98315.65,29.08,16,25,27.04,1023,132462
98315.65,29.08,15,25,27.04,1023,132809
98315.65,29.08,15,25,27.04,1023,132885
98313.68,29.07,15,25,27.03,1023,132961
98313.68,29.07,15,25,27.03,1023,133037
98313.68,29.07,15,25,27.03,1023,133112
98313.68,29.07,15,25,27.03,1023,133188
98313.68,29.07,15,25,27.03,1023,133263
98313.68,29.07,15,25,27.03,1023,133339
98313.68,29.07,15,25,27.03,1023,133420
98313.68,29.07,15,25,27.03,1023,133495
98313.68,29.07,15,25,27.03,1023,133571
98313.68,29.07,15,25,27.03,1023,133647
98313.68,29.07,15,25,27.03,1023,133723
98313.68,29.07,15,25,27.03,1023,133798
98318.36,29.08,15,25,27.04,1023,133873
98318.36,29.08,15,25,27.04,1023,133949
98318.36,29.08,15,25,27.04,1023,134025
98318.36,29.08,15,25,27.04,1023,134105
98318.36,29.08,15,25,27.04,1023,134181
98318.36,29.08,15,25,27.04,1023,134257
98318.36,29.08,15,25,27.04,1023,134332
98318.36,29.08,15,25,27.04,1023,134408
98318.36,29.08,15,25,27.04,1023,134483
98318.36,29.08,16,25,27.04,1023,134831
98316.22,29.08,16,25,27.04,1023,134906
98316.22,29.08,16,25,27.04,1023,134982
98316.22,29.08,16,25,27.04,1023,135057
98316.22,29.08,16,25,27.04,1023,135138
98316.22,29.08,16,25,27.04,1023,135214
98316.22,29.08,16,25,27.04,1023,135289
98316.22,29.08,16,25,27.04,1023,135365
98316.22,29.08,16,25,27.04,1023,135441
98316.22,29.08,16,25,27.04,1023,135516
98316.22,29.08,16,25,27.04,1023,135591
98316.22,29.08,16,25,27.04,1023,135667
98317.58,29.08,16,25,27.04,1023,135761
98317.58,29.08,16,25,27.04,1023,135842
98317.58,29.08,16,25,27.04,1023,135918
98317.58,29.08,16,25,27.04,1023,136004
98317.58,29.08,16,25,27.04,1023,136080
98317.58,29.08,16,25,27.04,1023,136156
98317.58,29.08,16,25,27.04,1023,136231
98317.58,29.08,16,25,27.04,1023,136307
98317.58,29.08,16,25,27.04,1023,136383
98317.58,29.08,16,25,27.04,1023,136459
98317.58,29.08,16,25,27.04,1023,136535
98317.58,29.08,16,25,27.04,1023,136886
98323,29.08,16,25,27.04,1023,136963
98323,29.08,16,25,27.04,1023,137038
98323,29.08,16,25,27.04,1023,137113
98323,29.08,16,25,27.04,1023,137189
98323,29.08,16,25,27.04,1023,137265
98323,29.08,16,25,27.04,1023,137340
98323,29.08,16,25,27.04,1023,137415
98323,29.08,16,25,27.04,1023,137491
98323,29.08,16,25,27.04,1023,137567
98321.25,29.08,16,25,27.04,1023,137647
98321.25,29.08,16,25,27.04,1023,137723
98321.25,29.08,16,25,27.04,1023,137799
98321.25,29.08,16,25,27.04,1023,137874
98321.25,29.08,16,25,27.04,1023,137950
98321.25,29.08,16,25,27.04,1023,138025
98321.25,29.08,16,25,27.04,1023,138101
98321.25,29.08,16,25,27.04,1023,138176
98321.25,29.08,16,25,27.04,1023,138252
98321.25,29.08,16,25,27.04,1023,138343
98321.25,29.08,16,25,27.04,1023,138420
98321.25,29.08,16,25,27.04,1023,138496
98320.29,29.08,16,25,27.04,1023,138571
98320.29,29.08,16,25,27.04,1023,138918
98320.29,29.08,16,25,27.04,1023,138994
98320.29,29.08,16,25,27.04,1023,139070
98320.29,29.08,16,25,27.04,1023,139145
98320.29,29.08,16,25,27.04,1023,139220
98320.29,29.08,16,25,27.04,1023,139296
98320.29,29.08,16,25,27.04,1023,139376
98320.29,29.08,16,25,27.04,1023,139453
98317.58,29.08,16,25,27.04,1023,139529
98317.58,29.08,16,25,27.04,1023,139604
98317.58,29.08,16,25,27.04,1023,139680
98317.58,29.08,16,25,27.04,1023,139756
98317.58,29.08,16,25,27.04,1023,139832
98317.58,29.08,16,25,27.04,1023,139908
98317.58,29.08,16,25,27.04,1023,139983
98317.58,29.08,16,25,27.04,1023,140059
98317.58,29.08,16,25,27.04,1023,140139
98317.58,29.08,16,25,27.04,1023,140216
98317.58,29.08,16,25,27.04,1023,140292
98317.58,29.08,16,25,27.04,1023,140367
98317,29.08,16,25,27.04,1023,140442
98317,29.08,16,25,27.04,1023,140518
98317,29.08,16,25,27.04,1023,140594
98317,29.08,16,25,27.04,1023,140941
98317,29.08,16,25,27.04,1023,141017
98317,29.08,16,25,27.04,1023,141096
98317,29.08,16,25,27.04,1023,141173
98317,29.08,16,25,27.04,1023,141249
98317,29.08,16,25,27.04,1023,141324
98317.75,29.07,16,25,27.03,1023,141400
98317.75,29.07,16,25,27.03,1023,141475
98317.75,29.07,16,25,27.03,1023,141551
98317.75,29.07,16,25,27.03,1023,141626
98317.75,29.07,16,25,27.03,1023,141702
98317.75,29.07,16,25,27.03,1023,141777
98317.75,29.07,16,25,27.03,1023,141857
98317.75,29.07,16,25,27.03,1023,141934
98317.75,29.07,16,25,27.03,1023,142010
98317.75,29.07,16,25,27.03,1023,142085
98317.75,29.07,16,25,27.03,1023,142160
98317.75,29.07,16,25,27.03,1023,142236
98317.75,29.07,16,25,27.03,1023,142311
98318.75,29.07,16,25,27.03,1023,142387
98318.75,29.07,16,25,27.03,1023,142462
98318.75,29.07,16,25,27.03,1023,142538
98318.75,29.07,16,25,27.03,1023,142618
98318.75,29.07,16,25,27.03,1023,142966
98318.75,29.07,16,25,27.03,1023,143042
98318.75,29.07,16,25,27.03,1023,143118
98318.75,29.07,16,25,27.03,1023,143194
98318.54,29.08,16,25,27.04,1023,143269
98318.54,29.08,16,25,27.04,1023,143345
98318.54,29.08,16,25,27.04,1023,143421
98318.54,29.08,16,25,27.04,1023,143497
98318.54,29.08,16,25,27.04,1023,143577
98318.54,29.08,16,25,27.04,1023,143653
98318.54,29.08,16,25,27.04,1023,143729
98318.54,29.08,16,25,27.04,1023,143804
98318.54,29.08,16,25,27.04,1023,143880
98318.54,29.08,16,25,27.04,1023,143955
98318.54,29.08,16,25,27.04,1023,144031
98318.54,29.08,16,25,27.04,1023,144106
98318.54,29.08,16,25,27.04,1023,144182
98315.04,29.07,16,25,27.03,1023,144258
98315.04,29.07,16,25,27.03,1023,144337
98315.04,29.07,16,25,27.03,1023,144414
98315.04,29.07,16,25,27.03,1023,144489
98315.04,29.07,16,25,27.03,1023,144565
98315.04,29.07,16,25,27.03,1023,144641
98315.04,29.07,16,27,28.03,1023,144988
98315.04,29.07,16,27,28.03,1023,145063
98315.04,29.07,16,27,28.03,1023,145138
98319.11,29.07,16,27,28.03,1023,145214
98319.11,29.07,16,27,28.03,1023,145290
98319.11,29.07,16,27,28.03,1023,145370
98319.11,29.07,16,27,28.03,1023,145446
98319.11,29.07,16,27,28.03,1023,145522
98319.11,29.07,16,27,28.03,1023,145597
98319.11,29.07,16,27,28.03,1023,145691
98319.11,29.07,16,27,28.03,1023,145767
98319.11,29.07,16,27,28.03,1023,145843
98319.11,29.07,16,27,28.03,1023,145917
98319.11,29.07,16,27,28.03,1023,145993
98319.11,29.07,16,27,28.03,1023,146073
